Brand SKU ID,Brand SKU ID Type,Restaurant ID,Category,Subcategory,Item,Item Description,Item Image URL,Item Food Type,Item Availability,Item Addon Group,Variant Group L1,Vaiants L1,Variant L1 Food Type,Variant L1 Availability,Variant Addon Group L1,Variant Group L2,Vaiants L2,Variant L2 Food Type,Variant L2 Availability,Variant Addon Group L2,Addon,Addon Level,Price,Markup Price,Revert Date,Revert Time,Update Required ?
BR112488576142,Item,RN133312,(UP613298)Woodfired Pastas,(UP613306)Woodfired - Grilled Chicken Pasta,(RN133312UP121642473)Woodfired - Grilled Chicken White Sauce Pasta with Truffle Oil,,https://pd-onl-rtn-media.storage.googleapis.com/menu-images/78394_item_RN133312UP121642473_20260405134735.jpg,non veg,in stock,"UP1457124,UP1829815,UP1864577,UP982502",,,,,,,,,,,,,795,,,,Yes
BR112488207804,Variant,RN133312,(UP613298)Woodfired Pastas,(UP613306)Woodfired - Grilled Chicken Pasta,(RN133312UP121642473)Woodfired - Grilled Chicken White Sauce Pasta with Truffle Oil,,https://pd-onl-rtn-media.storage.googleapis.com/menu-images/78394_item_RN133312UP121642473_20260405134735.jpg,non veg,in stock,"UP1457124,UP1829815,UP1864577,UP982502",(UP1553393)Choose Your Pasta,(RN133312UP6187423)Penne,non veg,in stock,,,,,,,,,0,,,,Yes
BR112488581872,Variant,RN133312,(UP613298)Woodfired Pastas,(UP613306)Woodfired - Grilled Chicken Pasta,(RN133312UP121642473)Woodfired - Grilled Chicken White Sauce Pasta with Truffle Oil,,https://pd-onl-rtn-media.storage.googleapis.com/menu-images/78394_item_RN133312UP121642473_20260405134735.jpg,non veg,in stock,"UP1457124,UP1829815,UP1864577,UP982502",(UP1553393)Choose Your Pasta,(RN133312UP6187424)Spaghetti,non veg,in stock,,,,,,,,,0,,,,Yes
BR112488618478,Addon,RN133312,(UP613298)Woodfired Pastas,(UP613306)Woodfired - Grilled Chicken Pasta,(RN133312UP121642473)Woodfired - Grilled Chicken White Sauce Pasta with Truffle Oil,,https://pd-onl-rtn-media.storage.googleapis.com/menu-images/78394_item_RN133312UP121642473_20260405134735.jpg,non veg,in stock,"UP1457124,UP1829815,UP1864577,UP982502",,,,,,,,,,,(RN133312UP5855212)Extra Grilled Chicken,Item (RN133312UP121642473)Woodfired - Grilled Chicken White Sauce Pasta with Truffle Oil,99,,,,Yes
BR112488431629,Addon,RN133312,(UP613298)Woodfired Pastas,(UP613306)Woodfired - Grilled Chicken Pasta,(RN133312UP121642473)Woodfired - Grilled Chicken White Sauce Pasta with Truffle Oil,,https://pd-onl-rtn-media.storage.googleapis.com/menu-images/78394_item_RN133312UP121642473_20260405134735.jpg,non veg,in stock,"UP1457124,UP1829815,UP1864577,UP982502",,,,,,,,,,,(RN133312UP6923583)Prebiotic Aam Panna Cooler(300ml),Item (RN133312UP121642473)Woodfired - Grilled Chicken White Sauce Pasta with Truffle Oil,199,,,,Yes
BR112488841836,Addon,RN133312,(UP613298)Woodfired Pastas,(UP613306)Woodfired - Grilled Chicken Pasta,(RN133312UP121642473)Woodfired - Grilled Chicken White Sauce Pasta with Truffle Oil,,https://pd-onl-rtn-media.storage.googleapis.com/menu-images/78394_item_RN133312UP121642473_20260405134735.jpg,non veg,in stock,"UP1457124,UP1829815,UP1864577,UP982502",,,,,,,,,,,(RN133312UP6923584)Prebiotic Lemonade Cooler(300ml),Item (RN133312UP121642473)Woodfired - Grilled Chicken White Sauce Pasta with Truffle Oil,199,,,,Yes
BR112488289597,Addon,RN133312,(UP613298)Woodfired Pastas,(UP613306)Woodfired - Grilled Chicken Pasta,(RN133312UP121642473)Woodfired - Grilled Chicken White Sauce Pasta with Truffle Oil,,https://pd-onl-rtn-media.storage.googleapis.com/menu-images/78394_item_RN133312UP121642473_20260405134735.jpg,non veg,in stock,"UP1457124,UP1829815,UP1864577,UP982502",,,,,,,,,,,(RN133312UP7045476)Prebiotic Strawberry Cooler(300ml),Item (RN133312UP121642473)Woodfired - Grilled Chicken White Sauce Pasta with Truffle Oil,199,,,,Yes
BR112488666266,Addon,RN133312,(UP613298)Woodfired Pastas,(UP613306)Woodfired - Grilled Chicken Pasta,(RN133312UP121642473)Woodfired - Grilled Chicken White Sauce Pasta with Truffle Oil,,https://pd-onl-rtn-media.storage.googleapis.com/menu-images/78394_item_RN133312UP121642473_20260405134735.jpg,non veg,in stock,"UP1457124,UP1829815,UP1864577,UP982502",,,,,,,,,,,(RN133312UP7045477)Prebiotic Lemon Apple Cooler(300ml),Item (RN133312UP121642473)Woodfired - Grilled Chicken White Sauce Pasta with Truffle Oil,199,,,,Yes
BR112488873770,Addon,RN133312,(UP613298)Woodfired Pastas,(UP613306)Woodfired - Grilled Chicken Pasta,(RN133312UP121642473)Woodfired - Grilled Chicken White Sauce Pasta with Truffle Oil,,https://pd-onl-rtn-media.storage.googleapis.com/menu-images/78394_item_RN133312UP121642473_20260405134735.jpg,non veg,in stock,"UP1457124,UP1829815,UP1864577,UP982502",,,,,,,,,,,(RN133312UP4263720)Choco Lava Cake,Item (RN133312UP121642473)Woodfired - Grilled Chicken White Sauce Pasta with Truffle Oil,199,,,,Yes
BR112488689843,Addon,RN133312,(UP613298)Woodfired Pastas,(UP613306)Woodfired - Grilled Chicken Pasta,(RN133312UP121642473)Woodfired - Grilled Chicken White Sauce Pasta with Truffle Oil,,https://pd-onl-rtn-media.storage.googleapis.com/menu-images/78394_item_RN133312UP121642473_20260405134735.jpg,non veg,in stock,"UP1457124,UP1829815,UP1864577,UP982502",,,,,,,,,,,(RN133312UP4265523)Mini Pull Apart,Item (RN133312UP121642473)Woodfired - Grilled Chicken White Sauce Pasta with Truffle Oil,199,,,,Yes
BR112488347928,Addon,RN133312,(UP613298)Woodfired Pastas,(UP613306)Woodfired - Grilled Chicken Pasta,(RN133312UP121642473)Woodfired - Grilled Chicken White Sauce Pasta with Truffle Oil,,https://pd-onl-rtn-media.storage.googleapis.com/menu-images/78394_item_RN133312UP121642473_20260405134735.jpg,non veg,in stock,"UP1457124,UP1829815,UP1864577,UP982502",,,,,,,,,,,(RN133312UP4263721)Mini Garlic Bread,Item (RN133312UP121642473)Woodfired - Grilled Chicken White Sauce Pasta with Truffle Oil,199,,,,Yes
BR112488196264,Addon,RN133312,(UP613298)Woodfired Pastas,(UP613306)Woodfired - Grilled Chicken Pasta,(RN133312UP121642473)Woodfired - Grilled Chicken White Sauce Pasta with Truffle Oil,,https://pd-onl-rtn-media.storage.googleapis.com/menu-images/78394_item_RN133312UP121642473_20260405134735.jpg,non veg,in stock,"UP1457124,UP1829815,UP1864577,UP982502",,,,,,,,,,,(RN133312UP4263722)Mini Truffle Oil Garlic Bread,Item (RN133312UP121642473)Woodfired - Grilled Chicken White Sauce Pasta with Truffle Oil,199,,,,Yes
BR112488508689,Addon,RN133312,(UP613298)Woodfired Pastas,(UP613306)Woodfired - Grilled Chicken Pasta,(RN133312UP121642473)Woodfired - Grilled Chicken White Sauce Pasta with Truffle Oil,,https://pd-onl-rtn-media.storage.googleapis.com/menu-images/78394_item_RN133312UP121642473_20260405134735.jpg,non veg,in stock,"UP1457124,UP1829815,UP1864577,UP982502",,,,,,,,,,,(RN133312UP4263723)Mini Cheesy Garlic Bread,Item (RN133312UP121642473)Woodfired - Grilled Chicken White Sauce Pasta with Truffle Oil,199,,,,Yes
BR112488312254,Addon,RN133312,(UP613298)Woodfired Pastas,(UP613306)Woodfired - Grilled Chicken Pasta,(RN133312UP121642473)Woodfired - Grilled Chicken White Sauce Pasta with Truffle Oil,,https://pd-onl-rtn-media.storage.googleapis.com/menu-images/78394_item_RN133312UP121642473_20260405134735.jpg,non veg,in stock,"UP1457124,UP1829815,UP1864577,UP982502",,,,,,,,,,,(RN133312UP4263724)Crumb Fried Chicken Wings (3 Pcs),Item (RN133312UP121642473)Woodfired - Grilled Chicken White Sauce Pasta with Truffle Oil,199,,,,Yes
BR112488309522,Addon,RN133312,(UP613298)Woodfired Pastas,(UP613306)Woodfired - Grilled Chicken Pasta,(RN133312UP121642473)Woodfired - Grilled Chicken White Sauce Pasta with Truffle Oil,,https://pd-onl-rtn-media.storage.googleapis.com/menu-images/78394_item_RN133312UP121642473_20260405134735.jpg,non veg,in stock,"UP1457124,UP1829815,UP1864577,UP982502",,,,,,,,,,,(RN133312UP4263725)BBQ Chicken Wings Bucket (3 Pcs),Item (RN133312UP121642473)Woodfired - Grilled Chicken White Sauce Pasta with Truffle Oil,199,,,,Yes
BR112488985811,Addon,RN133312,(UP613298)Woodfired Pastas,(UP613306)Woodfired - Grilled Chicken Pasta,(RN133312UP121642473)Woodfired - Grilled Chicken White Sauce Pasta with Truffle Oil,,https://pd-onl-rtn-media.storage.googleapis.com/menu-images/78394_item_RN133312UP121642473_20260405134735.jpg,non veg,in stock,"UP1457124,UP1829815,UP1864577,UP982502",,,,,,,,,,,(RN133312UP4263726)Crispy Chicken Strips (3 Pcs),Item (RN133312UP121642473)Woodfired - Grilled Chicken White Sauce Pasta with Truffle Oil,199,,,,Yes
BR112488646916,Addon,RN133312,(UP613298)Woodfired Pastas,(UP613306)Woodfired - Grilled Chicken Pasta,(RN133312UP121642473)Woodfired - Grilled Chicken White Sauce Pasta with Truffle Oil,,https://pd-onl-rtn-media.storage.googleapis.com/menu-images/78394_item_RN133312UP121642473_20260405134735.jpg,non veg,in stock,"UP1457124,UP1829815,UP1864577,UP982502",,,,,,,,,,,(RN133312UP4263727)Peri Peri Chicken Wings (3 Pcs),Item (RN133312UP121642473)Woodfired - Grilled Chicken White Sauce Pasta with Truffle Oil,199,,,,Yes
BR112488216935,Addon,RN133312,(UP613298)Woodfired Pastas,(UP613306)Woodfired - Grilled Chicken Pasta,(RN133312UP121642473)Woodfired - Grilled Chicken White Sauce Pasta with Truffle Oil,,https://pd-onl-rtn-media.storage.googleapis.com/menu-images/78394_item_RN133312UP121642473_20260405134735.jpg,non veg,in stock,"UP1457124,UP1829815,UP1864577,UP982502",,,,,,,,,,,(RN133312UP4263728)2 Bungee Iced Teas,Item (RN133312UP121642473)Woodfired - Grilled Chicken White Sauce Pasta with Truffle Oil,199,,,,Yes
BR112488783048,Item,RN133312,(UP613298)Woodfired Pastas,(UP613306)Woodfired - Grilled Chicken Pasta,(RN133312UP121642471)Woodfired - Grilled Chicken White Sauce Pasta,,https://pd-onl-rtn-media.storage.googleapis.com/menu-images/78394_item_RN133312UP121642471_20260405134734.jpg,non veg,in stock,"UP1457124,UP1829815,UP1864577,UP982502",,,,,,,,,,,,,645,,,,Yes
BR112488901270,Variant,RN133312,(UP613298)Woodfired Pastas,(UP613306)Woodfired - Grilled Chicken Pasta,(RN133312UP121642471)Woodfired - Grilled Chicken White Sauce Pasta,,https://pd-onl-rtn-media.storage.googleapis.com/menu-images/78394_item_RN133312UP121642471_20260405134734.jpg,non veg,in stock,"UP1457124,UP1829815,UP1864577,UP982502",(UP1553392)Choose Your Pasta,(RN133312UP6187421)Penne,non veg,in stock,,,,,,,,,0,,,,Yes
BR112488906619,Variant,RN133312,(UP613298)Woodfired Pastas,(UP613306)Woodfired - Grilled Chicken Pasta,(RN133312UP121642471)Woodfired - Grilled Chicken White Sauce Pasta,,https://pd-onl-rtn-media.storage.googleapis.com/menu-images/78394_item_RN133312UP121642471_20260405134734.jpg,non veg,in stock,"UP1457124,UP1829815,UP1864577,UP982502",(UP1553392)Choose Your Pasta,(RN133312UP6187422)Spaghetti,non veg,in stock,,,,,,,,,0,,,,Yes
BR112488754947,Addon,RN133312,(UP613298)Woodfired Pastas,(UP613306)Woodfired - Grilled Chicken Pasta,(RN133312UP121642471)Woodfired - Grilled Chicken White Sauce Pasta,,https://pd-onl-rtn-media.storage.googleapis.com/menu-images/78394_item_RN133312UP121642471_20260405134734.jpg,non veg,in stock,"UP1457124,UP1829815,UP1864577,UP982502",,,,,,,,,,,(RN133312UP5855212)Extra Grilled Chicken,Item (RN133312UP121642471)Woodfired - Grilled Chicken White Sauce Pasta,99,,,,Yes
BR112488842990,Addon,RN133312,(UP613298)Woodfired Pastas,(UP613306)Woodfired - Grilled Chicken Pasta,(RN133312UP121642471)Woodfired - Grilled Chicken White Sauce Pasta,,https://pd-onl-rtn-media.storage.googleapis.com/menu-images/78394_item_RN133312UP121642471_20260405134734.jpg,non veg,in stock,"UP1457124,UP1829815,UP1864577,UP982502",,,,,,,,,,,(RN133312UP6923583)Prebiotic Aam Panna Cooler(300ml),Item (RN133312UP121642471)Woodfired - Grilled Chicken White Sauce Pasta,199,,,,Yes
BR112488279502,Addon,RN133312,(UP613298)Woodfired Pastas,(UP613306)Woodfired - Grilled Chicken Pasta,(RN133312UP121642471)Woodfired - Grilled Chicken White Sauce Pasta,,https://pd-onl-rtn-media.storage.googleapis.com/menu-images/78394_item_RN133312UP121642471_20260405134734.jpg,non veg,in stock,"UP1457124,UP1829815,UP1864577,UP982502",,,,,,,,,,,(RN133312UP6923584)Prebiotic Lemonade Cooler(300ml),Item (RN133312UP121642471)Woodfired - Grilled Chicken White Sauce Pasta,199,,,,Yes
BR112488233561,Addon,RN133312,(UP613298)Woodfired Pastas,(UP613306)Woodfired - Grilled Chicken Pasta,(RN133312UP121642471)Woodfired - Grilled Chicken White Sauce Pasta,,https://pd-onl-rtn-media.storage.googleapis.com/menu-images/78394_item_RN133312UP121642471_20260405134734.jpg,non veg,in stock,"UP1457124,UP1829815,UP1864577,UP982502",,,,,,,,,,,(RN133312UP7045476)Prebiotic Strawberry Cooler(300ml),Item (RN133312UP121642471)Woodfired - Grilled Chicken White Sauce Pasta,199,,,,Yes
BR112488524483,Addon,RN133312,(UP613298)Woodfired Pastas,(UP613306)Woodfired - Grilled Chicken Pasta,(RN133312UP121642471)Woodfired - Grilled Chicken White Sauce Pasta,,https://pd-onl-rtn-media.storage.googleapis.com/menu-images/78394_item_RN133312UP121642471_20260405134734.jpg,non veg,in stock,"UP1457124,UP1829815,UP1864577,UP982502",,,,,,,,,,,(RN133312UP7045477)Prebiotic Lemon Apple Cooler(300ml),Item (RN133312UP121642471)Woodfired - Grilled Chicken White Sauce Pasta,199,,,,Yes
BR112488826998,Addon,RN133312,(UP613298)Woodfired Pastas,(UP613306)Woodfired - Grilled Chicken Pasta,(RN133312UP121642471)Woodfired - Grilled Chicken White Sauce Pasta,,https://pd-onl-rtn-media.storage.googleapis.com/menu-images/78394_item_RN133312UP121642471_20260405134734.jpg,non veg,in stock,"UP1457124,UP1829815,UP1864577,UP982502",,,,,,,,,,,(RN133312UP4263720)Choco Lava Cake,Item (RN133312UP121642471)Woodfired - Grilled Chicken White Sauce Pasta,199,,,,Yes
BR112488175129,Addon,RN133312,(UP613298)Woodfired Pastas,(UP613306)Woodfired - Grilled Chicken Pasta,(RN133312UP121642471)Woodfired - Grilled Chicken White Sauce Pasta,,https://pd-onl-rtn-media.storage.googleapis.com/menu-images/78394_item_RN133312UP121642471_20260405134734.jpg,non veg,in stock,"UP1457124,UP1829815,UP1864577,UP982502",,,,,,,,,,,(RN133312UP4265523)Mini Pull Apart,Item (RN133312UP121642471)Woodfired - Grilled Chicken White Sauce Pasta,199,,,,Yes
BR112488545912,Addon,RN133312,(UP613298)Woodfired Pastas,(UP613306)Woodfired - Grilled Chicken Pasta,(RN133312UP121642471)Woodfired - Grilled Chicken White Sauce Pasta,,https://pd-onl-rtn-media.storage.googleapis.com/menu-images/78394_item_RN133312UP121642471_20260405134734.jpg,non veg,in stock,"UP1457124,UP1829815,UP1864577,UP982502",,,,,,,,,,,(RN133312UP4263721)Mini Garlic Bread,Item (RN133312UP121642471)Woodfired - Grilled Chicken White Sauce Pasta,199,,,,Yes
BR112488275345,Addon,RN133312,(UP613298)Woodfired Pastas,(UP613306)Woodfired - Grilled Chicken Pasta,(RN133312UP121642471)Woodfired - Grilled Chicken White Sauce Pasta,,https://pd-onl-rtn-media.storage.googleapis.com/menu-images/78394_item_RN133312UP121642471_20260405134734.jpg,non veg,in stock,"UP1457124,UP1829815,UP1864577,UP982502",,,,,,,,,,,(RN133312UP4263722)Mini Truffle Oil Garlic Bread,Item (RN133312UP121642471)Woodfired - Grilled Chicken White Sauce Pasta,199,,,,Yes
BR112488244849,Addon,RN133312,(UP613298)Woodfired Pastas,(UP613306)Woodfired - Grilled Chicken Pasta,(RN133312UP121642471)Woodfired - Grilled Chicken White Sauce Pasta,,https://pd-onl-rtn-media.storage.googleapis.com/menu-images/78394_item_RN133312UP121642471_20260405134734.jpg,non veg,in stock,"UP1457124,UP1829815,UP1864577,UP982502",,,,,,,,,,,(RN133312UP4263723)Mini Cheesy Garlic Bread,Item (RN133312UP121642471)Woodfired - Grilled Chicken White Sauce Pasta,199,,,,Yes
BR112488609646,Addon,RN133312,(UP613298)Woodfired Pastas,(UP613306)Woodfired - Grilled Chicken Pasta,(RN133312UP121642471)Woodfired - Grilled Chicken White Sauce Pasta,,https://pd-onl-rtn-media.storage.googleapis.com/menu-images/78394_item_RN133312UP121642471_20260405134734.jpg,non veg,in stock,"UP1457124,UP1829815,UP1864577,UP982502",,,,,,,,,,,(RN133312UP4263724)Crumb Fried Chicken Wings (3 Pcs),Item (RN133312UP121642471)Woodfired - Grilled Chicken White Sauce Pasta,199,,,,Yes
BR112488374115,Addon,RN133312,(UP613298)Woodfired Pastas,(UP613306)Woodfired - Grilled Chicken Pasta,(RN133312UP121642471)Woodfired - Grilled Chicken White Sauce Pasta,,https://pd-onl-rtn-media.storage.googleapis.com/menu-images/78394_item_RN133312UP121642471_20260405134734.jpg,non veg,in stock,"UP1457124,UP1829815,UP1864577,UP982502",,,,,,,,,,,(RN133312UP4263725)BBQ Chicken Wings Bucket (3 Pcs),Item (RN133312UP121642471)Woodfired - Grilled Chicken White Sauce Pasta,199,,,,Yes
BR112488159447,Addon,RN133312,(UP613298)Woodfired Pastas,(UP613306)Woodfired - Grilled Chicken Pasta,(RN133312UP121642471)Woodfired - Grilled Chicken White Sauce Pasta,,https://pd-onl-rtn-media.storage.googleapis.com/menu-images/78394_item_RN133312UP121642471_20260405134734.jpg,non veg,in stock,"UP1457124,UP1829815,UP1864577,UP982502",,,,,,,,,,,(RN133312UP4263726)Crispy Chicken Strips (3 Pcs),Item (RN133312UP121642471)Woodfired - Grilled Chicken White Sauce Pasta,199,,,,Yes
BR112488252300,Addon,RN133312,(UP613298)Woodfired Pastas,(UP613306)Woodfired - Grilled Chicken Pasta,(RN133312UP121642471)Woodfired - Grilled Chicken White Sauce Pasta,,https://pd-onl-rtn-media.storage.googleapis.com/menu-images/78394_item_RN133312UP121642471_20260405134734.jpg,non veg,in stock,"UP1457124,UP1829815,UP1864577,UP982502",,,,,,,,,,,(RN133312UP4263727)Peri Peri Chicken Wings (3 Pcs),Item (RN133312UP121642471)Woodfired - Grilled Chicken White Sauce Pasta,199,,,,Yes
BR112488152563,Addon,RN133312,(UP613298)Woodfired Pastas,(UP613306)Woodfired - Grilled Chicken Pasta,(RN133312UP121642471)Woodfired - Grilled Chicken White Sauce Pasta,,https://pd-onl-rtn-media.storage.googleapis.com/menu-images/78394_item_RN133312UP121642471_20260405134734.jpg,non veg,in stock,"UP1457124,UP1829815,UP1864577,UP982502",,,,,,,,,,,(RN133312UP4263728)2 Bungee Iced Teas,Item (RN133312UP121642471)Woodfired - Grilled Chicken White Sauce Pasta,199,,,,Yes
BR112488797891,Item,RN133312,(UP613298)Woodfired Pastas,(UP613306)Woodfired - Grilled Chicken Pasta,(RN133312UP121642472)Woodfired - Grilled Chicken Primavera Rose Pasta with truffle Oil,"[750ml] Our woodfired fresh grilled chicken pasta, a pasta with garlic bread base, tossed in a creamy tomato rose sauce with truffle oil for a classic flavor.",https://pd-onl-rtn-media.storage.googleapis.com/menu-images/78394_item_RN133312UP121642472_20260405134734.jpg,non veg,in stock,"UP1457124,UP1829815,UP1864577,UP982502",,,,,,,,,,,,,745,,,,Yes
BR112488629151,Variant,RN133312,(UP613298)Woodfired Pastas,(UP613306)Woodfired - Grilled Chicken Pasta,(RN133312UP121642472)Woodfired - Grilled Chicken Primavera Rose Pasta with truffle Oil,"[750ml] Our woodfired fresh grilled chicken pasta, a pasta with garlic bread base, tossed in a creamy tomato rose sauce with truffle oil for a classic flavor.",https://pd-onl-rtn-media.storage.googleapis.com/menu-images/78394_item_RN133312UP121642472_20260405134734.jpg,non veg,in stock,"UP1457124,UP1829815,UP1864577,UP982502",(UP1553390)Choose Your Pasta,(RN133312UP6187417)Penne,non veg,in stock,,,,,,,,,0,,,,Yes
BR112488183591,Variant,RN133312,(UP613298)Woodfired Pastas,(UP613306)Woodfired - Grilled Chicken Pasta,(RN133312UP121642472)Woodfired - Grilled Chicken Primavera Rose Pasta with truffle Oil,"[750ml] Our woodfired fresh grilled chicken pasta, a pasta with garlic bread base, tossed in a creamy tomato rose sauce with truffle oil for a classic flavor.",https://pd-onl-rtn-media.storage.googleapis.com/menu-images/78394_item_RN133312UP121642472_20260405134734.jpg,non veg,in stock,"UP1457124,UP1829815,UP1864577,UP982502",(UP1553390)Choose Your Pasta,(RN133312UP6187418)Spaghetti,non veg,in stock,,,,,,,,,0,,,,Yes
BR112488569293,Addon,RN133312,(UP613298)Woodfired Pastas,(UP613306)Woodfired - Grilled Chicken Pasta,(RN133312UP121642472)Woodfired - Grilled Chicken Primavera Rose Pasta with truffle Oil,"[750ml] Our woodfired fresh grilled chicken pasta, a pasta with garlic bread base, tossed in a creamy tomato rose sauce with truffle oil for a classic flavor.",https://pd-onl-rtn-media.storage.googleapis.com/menu-images/78394_item_RN133312UP121642472_20260405134734.jpg,non veg,in stock,"UP1457124,UP1829815,UP1864577,UP982502",,,,,,,,,,,(RN133312UP5855212)Extra Grilled Chicken,Item (RN133312UP121642472)Woodfired - Grilled Chicken Primavera Rose Pasta with truffle Oil,99,,,,Yes
BR112488852119,Addon,RN133312,(UP613298)Woodfired Pastas,(UP613306)Woodfired - Grilled Chicken Pasta,(RN133312UP121642472)Woodfired - Grilled Chicken Primavera Rose Pasta with truffle Oil,"[750ml] Our woodfired fresh grilled chicken pasta, a pasta with garlic bread base, tossed in a creamy tomato rose sauce with truffle oil for a classic flavor.",https://pd-onl-rtn-media.storage.googleapis.com/menu-images/78394_item_RN133312UP121642472_20260405134734.jpg,non veg,in stock,"UP1457124,UP1829815,UP1864577,UP982502",,,,,,,,,,,(RN133312UP6923583)Prebiotic Aam Panna Cooler(300ml),Item (RN133312UP121642472)Woodfired - Grilled Chicken Primavera Rose Pasta with truffle Oil,199,,,,Yes
BR112488457802,Addon,RN133312,(UP613298)Woodfired Pastas,(UP613306)Woodfired - Grilled Chicken Pasta,(RN133312UP121642472)Woodfired - Grilled Chicken Primavera Rose Pasta with truffle Oil,"[750ml] Our woodfired fresh grilled chicken pasta, a pasta with garlic bread base, tossed in a creamy tomato rose sauce with truffle oil for a classic flavor.",https://pd-onl-rtn-media.storage.googleapis.com/menu-images/78394_item_RN133312UP121642472_20260405134734.jpg,non veg,in stock,"UP1457124,UP1829815,UP1864577,UP982502",,,,,,,,,,,(RN133312UP6923584)Prebiotic Lemonade Cooler(300ml),Item (RN133312UP121642472)Woodfired - Grilled Chicken Primavera Rose Pasta with truffle Oil,199,,,,Yes
BR112488438352,Addon,RN133312,(UP613298)Woodfired Pastas,(UP613306)Woodfired - Grilled Chicken Pasta,(RN133312UP121642472)Woodfired - Grilled Chicken Primavera Rose Pasta with truffle Oil,"[750ml] Our woodfired fresh grilled chicken pasta, a pasta with garlic bread base, tossed in a creamy tomato rose sauce with truffle oil for a classic flavor.",https://pd-onl-rtn-media.storage.googleapis.com/menu-images/78394_item_RN133312UP121642472_20260405134734.jpg,non veg,in stock,"UP1457124,UP1829815,UP1864577,UP982502",,,,,,,,,,,(RN133312UP7045476)Prebiotic Strawberry Cooler(300ml),Item (RN133312UP121642472)Woodfired - Grilled Chicken Primavera Rose Pasta with truffle Oil,199,,,,Yes
BR112488595140,Addon,RN133312,(UP613298)Woodfired Pastas,(UP613306)Woodfired - Grilled Chicken Pasta,(RN133312UP121642472)Woodfired - Grilled Chicken Primavera Rose Pasta with truffle Oil,"[750ml] Our woodfired fresh grilled chicken pasta, a pasta with garlic bread base, tossed in a creamy tomato rose sauce with truffle oil for a classic flavor.",https://pd-onl-rtn-media.storage.googleapis.com/menu-images/78394_item_RN133312UP121642472_20260405134734.jpg,non veg,in stock,"UP1457124,UP1829815,UP1864577,UP982502",,,,,,,,,,,(RN133312UP7045477)Prebiotic Lemon Apple Cooler(300ml),Item (RN133312UP121642472)Woodfired - Grilled Chicken Primavera Rose Pasta with truffle Oil,199,,,,Yes
BR112488392114,Addon,RN133312,(UP613298)Woodfired Pastas,(UP613306)Woodfired - Grilled Chicken Pasta,(RN133312UP121642472)Woodfired - Grilled Chicken Primavera Rose Pasta with truffle Oil,"[750ml] Our woodfired fresh grilled chicken pasta, a pasta with garlic bread base, tossed in a creamy tomato rose sauce with truffle oil for a classic flavor.",https://pd-onl-rtn-media.storage.googleapis.com/menu-images/78394_item_RN133312UP121642472_20260405134734.jpg,non veg,in stock,"UP1457124,UP1829815,UP1864577,UP982502",,,,,,,,,,,(RN133312UP4263720)Choco Lava Cake,Item (RN133312UP121642472)Woodfired - Grilled Chicken Primavera Rose Pasta with truffle Oil,199,,,,Yes
BR112488559266,Addon,RN133312,(UP613298)Woodfired Pastas,(UP613306)Woodfired - Grilled Chicken Pasta,(RN133312UP121642472)Woodfired - Grilled Chicken Primavera Rose Pasta with truffle Oil,"[750ml] Our woodfired fresh grilled chicken pasta, a pasta with garlic bread base, tossed in a creamy tomato rose sauce with truffle oil for a classic flavor.",https://pd-onl-rtn-media.storage.googleapis.com/menu-images/78394_item_RN133312UP121642472_20260405134734.jpg,non veg,in stock,"UP1457124,UP1829815,UP1864577,UP982502",,,,,,,,,,,(RN133312UP4265523)Mini Pull Apart,Item (RN133312UP121642472)Woodfired - Grilled Chicken Primavera Rose Pasta with truffle Oil,199,,,,Yes
BR112488228582,Addon,RN133312,(UP613298)Woodfired Pastas,(UP613306)Woodfired - Grilled Chicken Pasta,(RN133312UP121642472)Woodfired - Grilled Chicken Primavera Rose Pasta with truffle Oil,"[750ml] Our woodfired fresh grilled chicken pasta, a pasta with garlic bread base, tossed in a creamy tomato rose sauce with truffle oil for a classic flavor.",https://pd-onl-rtn-media.storage.googleapis.com/menu-images/78394_item_RN133312UP121642472_20260405134734.jpg,non veg,in stock,"UP1457124,UP1829815,UP1864577,UP982502",,,,,,,,,,,(RN133312UP4263721)Mini Garlic Bread,Item (RN133312UP121642472)Woodfired - Grilled Chicken Primavera Rose Pasta with truffle Oil,199,,,,Yes
BR112488273132,Addon,RN133312,(UP613298)Woodfired Pastas,(UP613306)Woodfired - Grilled Chicken Pasta,(RN133312UP121642472)Woodfired - Grilled Chicken Primavera Rose Pasta with truffle Oil,"[750ml] Our woodfired fresh grilled chicken pasta, a pasta with garlic bread base, tossed in a creamy tomato rose sauce with truffle oil for a classic flavor.",https://pd-onl-rtn-media.storage.googleapis.com/menu-images/78394_item_RN133312UP121642472_20260405134734.jpg,non veg,in stock,"UP1457124,UP1829815,UP1864577,UP982502",,,,,,,,,,,(RN133312UP4263722)Mini Truffle Oil Garlic Bread,Item (RN133312UP121642472)Woodfired - Grilled Chicken Primavera Rose Pasta with truffle Oil,199,,,,Yes
BR112488921932,Addon,RN133312,(UP613298)Woodfired Pastas,(UP613306)Woodfired - Grilled Chicken Pasta,(RN133312UP121642472)Woodfired - Grilled Chicken Primavera Rose Pasta with truffle Oil,"[750ml] Our woodfired fresh grilled chicken pasta, a pasta with garlic bread base, tossed in a creamy tomato rose sauce with truffle oil for a classic flavor.",https://pd-onl-rtn-media.storage.googleapis.com/menu-images/78394_item_RN133312UP121642472_20260405134734.jpg,non veg,in stock,"UP1457124,UP1829815,UP1864577,UP982502",,,,,,,,,,,(RN133312UP4263723)Mini Cheesy Garlic Bread,Item (RN133312UP121642472)Woodfired - Grilled Chicken Primavera Rose Pasta with truffle Oil,199,,,,Yes
BR112488969572,Addon,RN133312,(UP613298)Woodfired Pastas,(UP613306)Woodfired - Grilled Chicken Pasta,(RN133312UP121642472)Woodfired - Grilled Chicken Primavera Rose Pasta with truffle Oil,"[750ml] Our woodfired fresh grilled chicken pasta, a pasta with garlic bread base, tossed in a creamy tomato rose sauce with truffle oil for a classic flavor.",https://pd-onl-rtn-media.storage.googleapis.com/menu-images/78394_item_RN133312UP121642472_20260405134734.jpg,non veg,in stock,"UP1457124,UP1829815,UP1864577,UP982502",,,,,,,,,,,(RN133312UP4263724)Crumb Fried Chicken Wings (3 Pcs),Item (RN133312UP121642472)Woodfired - Grilled Chicken Primavera Rose Pasta with truffle Oil,199,,,,Yes
BR112488784821,Addon,RN133312,(UP613298)Woodfired Pastas,(UP613306)Woodfired - Grilled Chicken Pasta,(RN133312UP121642472)Woodfired - Grilled Chicken Primavera Rose Pasta with truffle Oil,"[750ml] Our woodfired fresh grilled chicken pasta, a pasta with garlic bread base, tossed in a creamy tomato rose sauce with truffle oil for a classic flavor.",https://pd-onl-rtn-media.storage.googleapis.com/menu-images/78394_item_RN133312UP121642472_20260405134734.jpg,non veg,in stock,"UP1457124,UP1829815,UP1864577,UP982502",,,,,,,,,,,(RN133312UP4263725)BBQ Chicken Wings Bucket (3 Pcs),Item (RN133312UP121642472)Woodfired - Grilled Chicken Primavera Rose Pasta with truffle Oil,199,,,,Yes
BR112488984508,Addon,RN133312,(UP613298)Woodfired Pastas,(UP613306)Woodfired - Grilled Chicken Pasta,(RN133312UP121642472)Woodfired - Grilled Chicken Primavera Rose Pasta with truffle Oil,"[750ml] Our woodfired fresh grilled chicken pasta, a pasta with garlic bread base, tossed in a creamy tomato rose sauce with truffle oil for a classic flavor.",https://pd-onl-rtn-media.storage.googleapis.com/menu-images/78394_item_RN133312UP121642472_20260405134734.jpg,non veg,in stock,"UP1457124,UP1829815,UP1864577,UP982502",,,,,,,,,,,(RN133312UP4263726)Crispy Chicken Strips (3 Pcs),Item (RN133312UP121642472)Woodfired - Grilled Chicken Primavera Rose Pasta with truffle Oil,199,,,,Yes
BR112488783499,Addon,RN133312,(UP613298)Woodfired Pastas,(UP613306)Woodfired - Grilled Chicken Pasta,(RN133312UP121642472)Woodfired - Grilled Chicken Primavera Rose Pasta with truffle Oil,"[750ml] Our woodfired fresh grilled chicken pasta, a pasta with garlic bread base, tossed in a creamy tomato rose sauce with truffle oil for a classic flavor.",https://pd-onl-rtn-media.storage.googleapis.com/menu-images/78394_item_RN133312UP121642472_20260405134734.jpg,non veg,in stock,"UP1457124,UP1829815,UP1864577,UP982502",,,,,,,,,,,(RN133312UP4263727)Peri Peri Chicken Wings (3 Pcs),Item (RN133312UP121642472)Woodfired - Grilled Chicken Primavera Rose Pasta with truffle Oil,199,,,,Yes
BR112488267834,Addon,RN133312,(UP613298)Woodfired Pastas,(UP613306)Woodfired - Grilled Chicken Pasta,(RN133312UP121642472)Woodfired - Grilled Chicken Primavera Rose Pasta with truffle Oil,"[750ml] Our woodfired fresh grilled chicken pasta, a pasta with garlic bread base, tossed in a creamy tomato rose sauce with truffle oil for a classic flavor.",https://pd-onl-rtn-media.storage.googleapis.com/menu-images/78394_item_RN133312UP121642472_20260405134734.jpg,non veg,in stock,"UP1457124,UP1829815,UP1864577,UP982502",,,,,,,,,,,(RN133312UP4263728)2 Bungee Iced Teas,Item (RN133312UP121642472)Woodfired - Grilled Chicken Primavera Rose Pasta with truffle Oil,199,,,,Yes
BR112488632490,Item,RN133312,(UP613298)Woodfired Pastas,(UP613302)Woodfired - All Veg Pasta,(RN133312UP121642470)Woodfired - All Veg White Sauce Pasta with Truffle Oil,,https://pd-onl-rtn-media.storage.googleapis.com/menu-images/78394_item_RN133312UP121642470_20260405134735.jpg,veg,in stock,"UP1457123,UP1829815,UP1864577,UP982501",,,,,,,,,,,,,745,,,,Yes
BR112488363444,Variant,RN133312,(UP613298)Woodfired Pastas,(UP613302)Woodfired - All Veg Pasta,(RN133312UP121642470)Woodfired - All Veg White Sauce Pasta with Truffle Oil,,https://pd-onl-rtn-media.storage.googleapis.com/menu-images/78394_item_RN133312UP121642470_20260405134735.jpg,veg,in stock,"UP1457123,UP1829815,UP1864577,UP982501",(UP1553387)Choose Your Pasta,(RN133312UP6187411)Penne,veg,in stock,,,,,,,,,0,,,,Yes
BR112488772029,Variant,RN133312,(UP613298)Woodfired Pastas,(UP613302)Woodfired - All Veg Pasta,(RN133312UP121642470)Woodfired - All Veg White Sauce Pasta with Truffle Oil,,https://pd-onl-rtn-media.storage.googleapis.com/menu-images/78394_item_RN133312UP121642470_20260405134735.jpg,veg,in stock,"UP1457123,UP1829815,UP1864577,UP982501",(UP1553387)Choose Your Pasta,(RN133312UP6187412)Spaghetti,veg,in stock,,,,,,,,,0,,,,Yes
BR112488917075,Addon,RN133312,(UP613298)Woodfired Pastas,(UP613302)Woodfired - All Veg Pasta,(RN133312UP121642470)Woodfired - All Veg White Sauce Pasta with Truffle Oil,,https://pd-onl-rtn-media.storage.googleapis.com/menu-images/78394_item_RN133312UP121642470_20260405134735.jpg,veg,in stock,"UP1457123,UP1829815,UP1864577,UP982501",,,,,,,,,,,(RN133312UP5855207)Broccoli,Item (RN133312UP121642470)Woodfired - All Veg White Sauce Pasta with Truffle Oil,59,,,,Yes
BR112488905259,Addon,RN133312,(UP613298)Woodfired Pastas,(UP613302)Woodfired - All Veg Pasta,(RN133312UP121642470)Woodfired - All Veg White Sauce Pasta with Truffle Oil,,https://pd-onl-rtn-media.storage.googleapis.com/menu-images/78394_item_RN133312UP121642470_20260405134735.jpg,veg,in stock,"UP1457123,UP1829815,UP1864577,UP982501",,,,,,,,,,,(RN133312UP5855208)Olives,Item (RN133312UP121642470)Woodfired - All Veg White Sauce Pasta with Truffle Oil,59,,,,Yes
BR112488504913,Addon,RN133312,(UP613298)Woodfired Pastas,(UP613302)Woodfired - All Veg Pasta,(RN133312UP121642470)Woodfired - All Veg White Sauce Pasta with Truffle Oil,,https://pd-onl-rtn-media.storage.googleapis.com/menu-images/78394_item_RN133312UP121642470_20260405134735.jpg,veg,in stock,"UP1457123,UP1829815,UP1864577,UP982501",,,,,,,,,,,(RN133312UP5855209)Sundried tomatos,Item (RN133312UP121642470)Woodfired - All Veg White Sauce Pasta with Truffle Oil,59,,,,Yes
BR112488777363,Addon,RN133312,(UP613298)Woodfired Pastas,(UP613302)Woodfired - All Veg Pasta,(RN133312UP121642470)Woodfired - All Veg White Sauce Pasta with Truffle Oil,,https://pd-onl-rtn-media.storage.googleapis.com/menu-images/78394_item_RN133312UP121642470_20260405134735.jpg,veg,in stock,"UP1457123,UP1829815,UP1864577,UP982501",,,,,,,,,,,(RN133312UP5855210)Mushrooms,Item (RN133312UP121642470)Woodfired - All Veg White Sauce Pasta with Truffle Oil,99,,,,Yes
BR112488635241,Addon,RN133312,(UP613298)Woodfired Pastas,(UP613302)Woodfired - All Veg Pasta,(RN133312UP121642470)Woodfired - All Veg White Sauce Pasta with Truffle Oil,,https://pd-onl-rtn-media.storage.googleapis.com/menu-images/78394_item_RN133312UP121642470_20260405134735.jpg,veg,in stock,"UP1457123,UP1829815,UP1864577,UP982501",,,,,,,,,,,(RN133312UP5855211)Parmesan cheese,Item (RN133312UP121642470)Woodfired - All Veg White Sauce Pasta with Truffle Oil,79,,,,Yes
BR112488868750,Addon,RN133312,(UP613298)Woodfired Pastas,(UP613302)Woodfired - All Veg Pasta,(RN133312UP121642470)Woodfired - All Veg White Sauce Pasta with Truffle Oil,,https://pd-onl-rtn-media.storage.googleapis.com/menu-images/78394_item_RN133312UP121642470_20260405134735.jpg,veg,in stock,"UP1457123,UP1829815,UP1864577,UP982501",,,,,,,,,,,(RN133312UP6923583)Prebiotic Aam Panna Cooler(300ml),Item (RN133312UP121642470)Woodfired - All Veg White Sauce Pasta with Truffle Oil,199,,,,Yes
BR112488242286,Addon,RN133312,(UP613298)Woodfired Pastas,(UP613302)Woodfired - All Veg Pasta,(RN133312UP121642470)Woodfired - All Veg White Sauce Pasta with Truffle Oil,,https://pd-onl-rtn-media.storage.googleapis.com/menu-images/78394_item_RN133312UP121642470_20260405134735.jpg,veg,in stock,"UP1457123,UP1829815,UP1864577,UP982501",,,,,,,,,,,(RN133312UP6923584)Prebiotic Lemonade Cooler(300ml),Item (RN133312UP121642470)Woodfired - All Veg White Sauce Pasta with Truffle Oil,199,,,,Yes
BR112488723481,Addon,RN133312,(UP613298)Woodfired Pastas,(UP613302)Woodfired - All Veg Pasta,(RN133312UP121642470)Woodfired - All Veg White Sauce Pasta with Truffle Oil,,https://pd-onl-rtn-media.storage.googleapis.com/menu-images/78394_item_RN133312UP121642470_20260405134735.jpg,veg,in stock,"UP1457123,UP1829815,UP1864577,UP982501",,,,,,,,,,,(RN133312UP7045476)Prebiotic Strawberry Cooler(300ml),Item (RN133312UP121642470)Woodfired - All Veg White Sauce Pasta with Truffle Oil,199,,,,Yes
BR112488799388,Addon,RN133312,(UP613298)Woodfired Pastas,(UP613302)Woodfired - All Veg Pasta,(RN133312UP121642470)Woodfired - All Veg White Sauce Pasta with Truffle Oil,,https://pd-onl-rtn-media.storage.googleapis.com/menu-images/78394_item_RN133312UP121642470_20260405134735.jpg,veg,in stock,"UP1457123,UP1829815,UP1864577,UP982501",,,,,,,,,,,(RN133312UP7045477)Prebiotic Lemon Apple Cooler(300ml),Item (RN133312UP121642470)Woodfired - All Veg White Sauce Pasta with Truffle Oil,199,,,,Yes
BR112488501406,Addon,RN133312,(UP613298)Woodfired Pastas,(UP613302)Woodfired - All Veg Pasta,(RN133312UP121642470)Woodfired - All Veg White Sauce Pasta with Truffle Oil,,https://pd-onl-rtn-media.storage.googleapis.com/menu-images/78394_item_RN133312UP121642470_20260405134735.jpg,veg,in stock,"UP1457123,UP1829815,UP1864577,UP982501",,,,,,,,,,,(RN133312UP4263714)Choco Lava Cake,Item (RN133312UP121642470)Woodfired - All Veg White Sauce Pasta with Truffle Oil,199,,,,Yes
BR112488173922,Addon,RN133312,(UP613298)Woodfired Pastas,(UP613302)Woodfired - All Veg Pasta,(RN133312UP121642470)Woodfired - All Veg White Sauce Pasta with Truffle Oil,,https://pd-onl-rtn-media.storage.googleapis.com/menu-images/78394_item_RN133312UP121642470_20260405134735.jpg,veg,in stock,"UP1457123,UP1829815,UP1864577,UP982501",,,,,,,,,,,(RN133312UP4395996)Tiramisu Jar,Item (RN133312UP121642470)Woodfired - All Veg White Sauce Pasta with Truffle Oil,276,,,,Yes
BR112488638341,Addon,RN133312,(UP613298)Woodfired Pastas,(UP613302)Woodfired - All Veg Pasta,(RN133312UP121642470)Woodfired - All Veg White Sauce Pasta with Truffle Oil,,https://pd-onl-rtn-media.storage.googleapis.com/menu-images/78394_item_RN133312UP121642470_20260405134735.jpg,veg,in stock,"UP1457123,UP1829815,UP1864577,UP982501",,,,,,,,,,,(RN133312UP4395997)Chocolate Mousse Jar,Item (RN133312UP121642470)Woodfired - All Veg White Sauce Pasta with Truffle Oil,276,,,,Yes
BR112488346201,Addon,RN133312,(UP613298)Woodfired Pastas,(UP613302)Woodfired - All Veg Pasta,(RN133312UP121642470)Woodfired - All Veg White Sauce Pasta with Truffle Oil,,https://pd-onl-rtn-media.storage.googleapis.com/menu-images/78394_item_RN133312UP121642470_20260405134735.jpg,veg,in stock,"UP1457123,UP1829815,UP1864577,UP982501",,,,,,,,,,,(RN133312UP4395998)Banoffee Jar,Item (RN133312UP121642470)Woodfired - All Veg White Sauce Pasta with Truffle Oil,260,,,,Yes
BR112488618043,Addon,RN133312,(UP613298)Woodfired Pastas,(UP613302)Woodfired - All Veg Pasta,(RN133312UP121642470)Woodfired - All Veg White Sauce Pasta with Truffle Oil,,https://pd-onl-rtn-media.storage.googleapis.com/menu-images/78394_item_RN133312UP121642470_20260405134735.jpg,veg,in stock,"UP1457123,UP1829815,UP1864577,UP982501",,,,,,,,,,,(RN133312UP4263715)Mini Garlic Bread,Item (RN133312UP121642470)Woodfired - All Veg White Sauce Pasta with Truffle Oil,199,,,,Yes
BR112488924763,Addon,RN133312,(UP613298)Woodfired Pastas,(UP613302)Woodfired - All Veg Pasta,(RN133312UP121642470)Woodfired - All Veg White Sauce Pasta with Truffle Oil,,https://pd-onl-rtn-media.storage.googleapis.com/menu-images/78394_item_RN133312UP121642470_20260405134735.jpg,veg,in stock,"UP1457123,UP1829815,UP1864577,UP982501",,,,,,,,,,,(RN133312UP4263716)Mini Truffle Oil Garlic Bread,Item (RN133312UP121642470)Woodfired - All Veg White Sauce Pasta with Truffle Oil,199,,,,Yes
BR112488467545,Addon,RN133312,(UP613298)Woodfired Pastas,(UP613302)Woodfired - All Veg Pasta,(RN133312UP121642470)Woodfired - All Veg White Sauce Pasta with Truffle Oil,,https://pd-onl-rtn-media.storage.googleapis.com/menu-images/78394_item_RN133312UP121642470_20260405134735.jpg,veg,in stock,"UP1457123,UP1829815,UP1864577,UP982501",,,,,,,,,,,(RN133312UP4265522)Mini Pull Apart,Item (RN133312UP121642470)Woodfired - All Veg White Sauce Pasta with Truffle Oil,199,,,,Yes
BR112488858313,Addon,RN133312,(UP613298)Woodfired Pastas,(UP613302)Woodfired - All Veg Pasta,(RN133312UP121642470)Woodfired - All Veg White Sauce Pasta with Truffle Oil,,https://pd-onl-rtn-media.storage.googleapis.com/menu-images/78394_item_RN133312UP121642470_20260405134735.jpg,veg,in stock,"UP1457123,UP1829815,UP1864577,UP982501",,,,,,,,,,,(RN133312UP4263717)Mini Cheesy Garlic Bread,Item (RN133312UP121642470)Woodfired - All Veg White Sauce Pasta with Truffle Oil,199,,,,Yes
BR112488219105,Addon,RN133312,(UP613298)Woodfired Pastas,(UP613302)Woodfired - All Veg Pasta,(RN133312UP121642470)Woodfired - All Veg White Sauce Pasta with Truffle Oil,,https://pd-onl-rtn-media.storage.googleapis.com/menu-images/78394_item_RN133312UP121642470_20260405134735.jpg,veg,in stock,"UP1457123,UP1829815,UP1864577,UP982501",,,,,,,,,,,(RN133312UP4263718)Twisty Bread (2 Pcs),Item (RN133312UP121642470)Woodfired - All Veg White Sauce Pasta with Truffle Oil,199,,,,Yes
BR112488510187,Addon,RN133312,(UP613298)Woodfired Pastas,(UP613302)Woodfired - All Veg Pasta,(RN133312UP121642470)Woodfired - All Veg White Sauce Pasta with Truffle Oil,,https://pd-onl-rtn-media.storage.googleapis.com/menu-images/78394_item_RN133312UP121642470_20260405134735.jpg,veg,in stock,"UP1457123,UP1829815,UP1864577,UP982501",,,,,,,,,,,(RN133312UP4263719)2 Bungee Iced Teas,Item (RN133312UP121642470)Woodfired - All Veg White Sauce Pasta with Truffle Oil,199,,,,Yes
BR112488882568,Item,RN133312,(UP613298)Woodfired Pastas,(UP613302)Woodfired - All Veg Pasta,(RN133312UP121642469)Woodfired - All Veg White Sauce Pasta,,https://pd-onl-rtn-media.storage.googleapis.com/menu-images/78394_item_RN133312UP121642469_20260405134735.jpg,veg,in stock,"UP1457123,UP1829815,UP1864577,UP982501",,,,,,,,,,,,,595,,,,Yes
BR112488580565,Variant,RN133312,(UP613298)Woodfired Pastas,(UP613302)Woodfired - All Veg Pasta,(RN133312UP121642469)Woodfired - All Veg White Sauce Pasta,,https://pd-onl-rtn-media.storage.googleapis.com/menu-images/78394_item_RN133312UP121642469_20260405134735.jpg,veg,in stock,"UP1457123,UP1829815,UP1864577,UP982501",(UP1553386)Choose Your Pasta,(RN133312UP6187409)Penne,veg,in stock,,,,,,,,,0,,,,Yes
BR112488877365,Variant,RN133312,(UP613298)Woodfired Pastas,(UP613302)Woodfired - All Veg Pasta,(RN133312UP121642469)Woodfired - All Veg White Sauce Pasta,,https://pd-onl-rtn-media.storage.googleapis.com/menu-images/78394_item_RN133312UP121642469_20260405134735.jpg,veg,in stock,"UP1457123,UP1829815,UP1864577,UP982501",(UP1553386)Choose Your Pasta,(RN133312UP6187410)Spaghetti,veg,in stock,,,,,,,,,0,,,,Yes
BR112488518028,Addon,RN133312,(UP613298)Woodfired Pastas,(UP613302)Woodfired - All Veg Pasta,(RN133312UP121642469)Woodfired - All Veg White Sauce Pasta,,https://pd-onl-rtn-media.storage.googleapis.com/menu-images/78394_item_RN133312UP121642469_20260405134735.jpg,veg,in stock,"UP1457123,UP1829815,UP1864577,UP982501",,,,,,,,,,,(RN133312UP5855207)Broccoli,Item (RN133312UP121642469)Woodfired - All Veg White Sauce Pasta,59,,,,Yes
BR112488954510,Addon,RN133312,(UP613298)Woodfired Pastas,(UP613302)Woodfired - All Veg Pasta,(RN133312UP121642469)Woodfired - All Veg White Sauce Pasta,,https://pd-onl-rtn-media.storage.googleapis.com/menu-images/78394_item_RN133312UP121642469_20260405134735.jpg,veg,in stock,"UP1457123,UP1829815,UP1864577,UP982501",,,,,,,,,,,(RN133312UP5855208)Olives,Item (RN133312UP121642469)Woodfired - All Veg White Sauce Pasta,59,,,,Yes
BR112488823044,Addon,RN133312,(UP613298)Woodfired Pastas,(UP613302)Woodfired - All Veg Pasta,(RN133312UP121642469)Woodfired - All Veg White Sauce Pasta,,https://pd-onl-rtn-media.storage.googleapis.com/menu-images/78394_item_RN133312UP121642469_20260405134735.jpg,veg,in stock,"UP1457123,UP1829815,UP1864577,UP982501",,,,,,,,,,,(RN133312UP5855209)Sundried tomatos,Item (RN133312UP121642469)Woodfired - All Veg White Sauce Pasta,59,,,,Yes
BR112488204831,Addon,RN133312,(UP613298)Woodfired Pastas,(UP613302)Woodfired - All Veg Pasta,(RN133312UP121642469)Woodfired - All Veg White Sauce Pasta,,https://pd-onl-rtn-media.storage.googleapis.com/menu-images/78394_item_RN133312UP121642469_20260405134735.jpg,veg,in stock,"UP1457123,UP1829815,UP1864577,UP982501",,,,,,,,,,,(RN133312UP5855210)Mushrooms,Item (RN133312UP121642469)Woodfired - All Veg White Sauce Pasta,99,,,,Yes
BR112488434527,Addon,RN133312,(UP613298)Woodfired Pastas,(UP613302)Woodfired - All Veg Pasta,(RN133312UP121642469)Woodfired - All Veg White Sauce Pasta,,https://pd-onl-rtn-media.storage.googleapis.com/menu-images/78394_item_RN133312UP121642469_20260405134735.jpg,veg,in stock,"UP1457123,UP1829815,UP1864577,UP982501",,,,,,,,,,,(RN133312UP5855211)Parmesan cheese,Item (RN133312UP121642469)Woodfired - All Veg White Sauce Pasta,79,,,,Yes
BR112488525202,Addon,RN133312,(UP613298)Woodfired Pastas,(UP613302)Woodfired - All Veg Pasta,(RN133312UP121642469)Woodfired - All Veg White Sauce Pasta,,https://pd-onl-rtn-media.storage.googleapis.com/menu-images/78394_item_RN133312UP121642469_20260405134735.jpg,veg,in stock,"UP1457123,UP1829815,UP1864577,UP982501",,,,,,,,,,,(RN133312UP6923583)Prebiotic Aam Panna Cooler(300ml),Item (RN133312UP121642469)Woodfired - All Veg White Sauce Pasta,199,,,,Yes
BR112488672266,Addon,RN133312,(UP613298)Woodfired Pastas,(UP613302)Woodfired - All Veg Pasta,(RN133312UP121642469)Woodfired - All Veg White Sauce Pasta,,https://pd-onl-rtn-media.storage.googleapis.com/menu-images/78394_item_RN133312UP121642469_20260405134735.jpg,veg,in stock,"UP1457123,UP1829815,UP1864577,UP982501",,,,,,,,,,,(RN133312UP6923584)Prebiotic Lemonade Cooler(300ml),Item (RN133312UP121642469)Woodfired - All Veg White Sauce Pasta,199,,,,Yes
BR112488316800,Addon,RN133312,(UP613298)Woodfired Pastas,(UP613302)Woodfired - All Veg Pasta,(RN133312UP121642469)Woodfired - All Veg White Sauce Pasta,,https://pd-onl-rtn-media.storage.googleapis.com/menu-images/78394_item_RN133312UP121642469_20260405134735.jpg,veg,in stock,"UP1457123,UP1829815,UP1864577,UP982501",,,,,,,,,,,(RN133312UP7045476)Prebiotic Strawberry Cooler(300ml),Item (RN133312UP121642469)Woodfired - All Veg White Sauce Pasta,199,,,,Yes
BR112488440914,Addon,RN133312,(UP613298)Woodfired Pastas,(UP613302)Woodfired - All Veg Pasta,(RN133312UP121642469)Woodfired - All Veg White Sauce Pasta,,https://pd-onl-rtn-media.storage.googleapis.com/menu-images/78394_item_RN133312UP121642469_20260405134735.jpg,veg,in stock,"UP1457123,UP1829815,UP1864577,UP982501",,,,,,,,,,,(RN133312UP7045477)Prebiotic Lemon Apple Cooler(300ml),Item (RN133312UP121642469)Woodfired - All Veg White Sauce Pasta,199,,,,Yes
BR112488415368,Addon,RN133312,(UP613298)Woodfired Pastas,(UP613302)Woodfired - All Veg Pasta,(RN133312UP121642469)Woodfired - All Veg White Sauce Pasta,,https://pd-onl-rtn-media.storage.googleapis.com/menu-images/78394_item_RN133312UP121642469_20260405134735.jpg,veg,in stock,"UP1457123,UP1829815,UP1864577,UP982501",,,,,,,,,,,(RN133312UP4263714)Choco Lava Cake,Item (RN133312UP121642469)Woodfired - All Veg White Sauce Pasta,199,,,,Yes
BR112488825056,Addon,RN133312,(UP613298)Woodfired Pastas,(UP613302)Woodfired - All Veg Pasta,(RN133312UP121642469)Woodfired - All Veg White Sauce Pasta,,https://pd-onl-rtn-media.storage.googleapis.com/menu-images/78394_item_RN133312UP121642469_20260405134735.jpg,veg,in stock,"UP1457123,UP1829815,UP1864577,UP982501",,,,,,,,,,,(RN133312UP4395996)Tiramisu Jar,Item (RN133312UP121642469)Woodfired - All Veg White Sauce Pasta,276,,,,Yes
BR112488846208,Addon,RN133312,(UP613298)Woodfired Pastas,(UP613302)Woodfired - All Veg Pasta,(RN133312UP121642469)Woodfired - All Veg White Sauce Pasta,,https://pd-onl-rtn-media.storage.googleapis.com/menu-images/78394_item_RN133312UP121642469_20260405134735.jpg,veg,in stock,"UP1457123,UP1829815,UP1864577,UP982501",,,,,,,,,,,(RN133312UP4395997)Chocolate Mousse Jar,Item (RN133312UP121642469)Woodfired - All Veg White Sauce Pasta,276,,,,Yes
BR112488906540,Addon,RN133312,(UP613298)Woodfired Pastas,(UP613302)Woodfired - All Veg Pasta,(RN133312UP121642469)Woodfired - All Veg White Sauce Pasta,,https://pd-onl-rtn-media.storage.googleapis.com/menu-images/78394_item_RN133312UP121642469_20260405134735.jpg,veg,in stock,"UP1457123,UP1829815,UP1864577,UP982501",,,,,,,,,,,(RN133312UP4395998)Banoffee Jar,Item (RN133312UP121642469)Woodfired - All Veg White Sauce Pasta,260,,,,Yes
BR112488652594,Addon,RN133312,(UP613298)Woodfired Pastas,(UP613302)Woodfired - All Veg Pasta,(RN133312UP121642469)Woodfired - All Veg White Sauce Pasta,,https://pd-onl-rtn-media.storage.googleapis.com/menu-images/78394_item_RN133312UP121642469_20260405134735.jpg,veg,in stock,"UP1457123,UP1829815,UP1864577,UP982501",,,,,,,,,,,(RN133312UP4263715)Mini Garlic Bread,Item (RN133312UP121642469)Woodfired - All Veg White Sauce Pasta,199,,,,Yes
BR112488933780,Addon,RN133312,(UP613298)Woodfired Pastas,(UP613302)Woodfired - All Veg Pasta,(RN133312UP121642469)Woodfired - All Veg White Sauce Pasta,,https://pd-onl-rtn-media.storage.googleapis.com/menu-images/78394_item_RN133312UP121642469_20260405134735.jpg,veg,in stock,"UP1457123,UP1829815,UP1864577,UP982501",,,,,,,,,,,(RN133312UP4263716)Mini Truffle Oil Garlic Bread,Item (RN133312UP121642469)Woodfired - All Veg White Sauce Pasta,199,,,,Yes
BR112488430494,Addon,RN133312,(UP613298)Woodfired Pastas,(UP613302)Woodfired - All Veg Pasta,(RN133312UP121642469)Woodfired - All Veg White Sauce Pasta,,https://pd-onl-rtn-media.storage.googleapis.com/menu-images/78394_item_RN133312UP121642469_20260405134735.jpg,veg,in stock,"UP1457123,UP1829815,UP1864577,UP982501",,,,,,,,,,,(RN133312UP4265522)Mini Pull Apart,Item (RN133312UP121642469)Woodfired - All Veg White Sauce Pasta,199,,,,Yes
BR112488494665,Addon,RN133312,(UP613298)Woodfired Pastas,(UP613302)Woodfired - All Veg Pasta,(RN133312UP121642469)Woodfired - All Veg White Sauce Pasta,,https://pd-onl-rtn-media.storage.googleapis.com/menu-images/78394_item_RN133312UP121642469_20260405134735.jpg,veg,in stock,"UP1457123,UP1829815,UP1864577,UP982501",,,,,,,,,,,(RN133312UP4263717)Mini Cheesy Garlic Bread,Item (RN133312UP121642469)Woodfired - All Veg White Sauce Pasta,199,,,,Yes
BR112488869335,Addon,RN133312,(UP613298)Woodfired Pastas,(UP613302)Woodfired - All Veg Pasta,(RN133312UP121642469)Woodfired - All Veg White Sauce Pasta,,https://pd-onl-rtn-media.storage.googleapis.com/menu-images/78394_item_RN133312UP121642469_20260405134735.jpg,veg,in stock,"UP1457123,UP1829815,UP1864577,UP982501",,,,,,,,,,,(RN133312UP4263718)Twisty Bread (2 Pcs),Item (RN133312UP121642469)Woodfired - All Veg White Sauce Pasta,199,,,,Yes
BR112488674757,Addon,RN133312,(UP613298)Woodfired Pastas,(UP613302)Woodfired - All Veg Pasta,(RN133312UP121642469)Woodfired - All Veg White Sauce Pasta,,https://pd-onl-rtn-media.storage.googleapis.com/menu-images/78394_item_RN133312UP121642469_20260405134735.jpg,veg,in stock,"UP1457123,UP1829815,UP1864577,UP982501",,,,,,,,,,,(RN133312UP4263719)2 Bungee Iced Teas,Item (RN133312UP121642469)Woodfired - All Veg White Sauce Pasta,199,,,,Yes
BR112488610860,Item,RN133312,(UP613298)Woodfired Pastas,(UP613302)Woodfired - All Veg Pasta,(RN133312UP121642468)Woodfired - All Veg Primavera Rose Pasta with Truffle Oil,"[750ml]
Our woodfired fresh veggie pasta, tossed in a creamy tomato rose sauce with truffle oil for a classic flavor.",https://pd-onl-rtn-media.storage.googleapis.com/menu-images/78394_item_RN133312UP121642468_20260405134735.jpg,veg,in stock,"UP1457123,UP1829815,UP1864577,UP982501",,,,,,,,,,,,,695,,,,Yes
BR112488860828,Variant,RN133312,(UP613298)Woodfired Pastas,(UP613302)Woodfired - All Veg Pasta,(RN133312UP121642468)Woodfired - All Veg Primavera Rose Pasta with Truffle Oil,"[750ml]
Our woodfired fresh veggie pasta, tossed in a creamy tomato rose sauce with truffle oil for a classic flavor.",https://pd-onl-rtn-media.storage.googleapis.com/menu-images/78394_item_RN133312UP121642468_20260405134735.jpg,veg,in stock,"UP1457123,UP1829815,UP1864577,UP982501",(UP1553384)Choose Your Pasta,(RN133312UP6187405)Penne,veg,in stock,,,,,,,,,0,,,,Yes
BR112488515927,Variant,RN133312,(UP613298)Woodfired Pastas,(UP613302)Woodfired - All Veg Pasta,(RN133312UP121642468)Woodfired - All Veg Primavera Rose Pasta with Truffle Oil,"[750ml]
Our woodfired fresh veggie pasta, tossed in a creamy tomato rose sauce with truffle oil for a classic flavor.",https://pd-onl-rtn-media.storage.googleapis.com/menu-images/78394_item_RN133312UP121642468_20260405134735.jpg,veg,in stock,"UP1457123,UP1829815,UP1864577,UP982501",(UP1553384)Choose Your Pasta,(RN133312UP6187406)Spaghetti,veg,in stock,,,,,,,,,0,,,,Yes
BR112488977670,Addon,RN133312,(UP613298)Woodfired Pastas,(UP613302)Woodfired - All Veg Pasta,(RN133312UP121642468)Woodfired - All Veg Primavera Rose Pasta with Truffle Oil,"[750ml]
Our woodfired fresh veggie pasta, tossed in a creamy tomato rose sauce with truffle oil for a classic flavor.",https://pd-onl-rtn-media.storage.googleapis.com/menu-images/78394_item_RN133312UP121642468_20260405134735.jpg,veg,in stock,"UP1457123,UP1829815,UP1864577,UP982501",,,,,,,,,,,(RN133312UP5855207)Broccoli,Item (RN133312UP121642468)Woodfired - All Veg Primavera Rose Pasta with Truffle Oil,59,,,,Yes
BR112488784047,Addon,RN133312,(UP613298)Woodfired Pastas,(UP613302)Woodfired - All Veg Pasta,(RN133312UP121642468)Woodfired - All Veg Primavera Rose Pasta with Truffle Oil,"[750ml]
Our woodfired fresh veggie pasta, tossed in a creamy tomato rose sauce with truffle oil for a classic flavor.",https://pd-onl-rtn-media.storage.googleapis.com/menu-images/78394_item_RN133312UP121642468_20260405134735.jpg,veg,in stock,"UP1457123,UP1829815,UP1864577,UP982501",,,,,,,,,,,(RN133312UP5855208)Olives,Item (RN133312UP121642468)Woodfired - All Veg Primavera Rose Pasta with Truffle Oil,59,,,,Yes
BR112488817942,Addon,RN133312,(UP613298)Woodfired Pastas,(UP613302)Woodfired - All Veg Pasta,(RN133312UP121642468)Woodfired - All Veg Primavera Rose Pasta with Truffle Oil,"[750ml]
Our woodfired fresh veggie pasta, tossed in a creamy tomato rose sauce with truffle oil for a classic flavor.",https://pd-onl-rtn-media.storage.googleapis.com/menu-images/78394_item_RN133312UP121642468_20260405134735.jpg,veg,in stock,"UP1457123,UP1829815,UP1864577,UP982501",,,,,,,,,,,(RN133312UP5855209)Sundried tomatos,Item (RN133312UP121642468)Woodfired - All Veg Primavera Rose Pasta with Truffle Oil,59,,,,Yes
BR112488583244,Addon,RN133312,(UP613298)Woodfired Pastas,(UP613302)Woodfired - All Veg Pasta,(RN133312UP121642468)Woodfired - All Veg Primavera Rose Pasta with Truffle Oil,"[750ml]
Our woodfired fresh veggie pasta, tossed in a creamy tomato rose sauce with truffle oil for a classic flavor.",https://pd-onl-rtn-media.storage.googleapis.com/menu-images/78394_item_RN133312UP121642468_20260405134735.jpg,veg,in stock,"UP1457123,UP1829815,UP1864577,UP982501",,,,,,,,,,,(RN133312UP5855210)Mushrooms,Item (RN133312UP121642468)Woodfired - All Veg Primavera Rose Pasta with Truffle Oil,99,,,,Yes
BR112488118654,Addon,RN133312,(UP613298)Woodfired Pastas,(UP613302)Woodfired - All Veg Pasta,(RN133312UP121642468)Woodfired - All Veg Primavera Rose Pasta with Truffle Oil,"[750ml]
Our woodfired fresh veggie pasta, tossed in a creamy tomato rose sauce with truffle oil for a classic flavor.",https://pd-onl-rtn-media.storage.googleapis.com/menu-images/78394_item_RN133312UP121642468_20260405134735.jpg,veg,in stock,"UP1457123,UP1829815,UP1864577,UP982501",,,,,,,,,,,(RN133312UP5855211)Parmesan cheese,Item (RN133312UP121642468)Woodfired - All Veg Primavera Rose Pasta with Truffle Oil,79,,,,Yes
BR112488606246,Addon,RN133312,(UP613298)Woodfired Pastas,(UP613302)Woodfired - All Veg Pasta,(RN133312UP121642468)Woodfired - All Veg Primavera Rose Pasta with Truffle Oil,"[750ml]
Our woodfired fresh veggie pasta, tossed in a creamy tomato rose sauce with truffle oil for a classic flavor.",https://pd-onl-rtn-media.storage.googleapis.com/menu-images/78394_item_RN133312UP121642468_20260405134735.jpg,veg,in stock,"UP1457123,UP1829815,UP1864577,UP982501",,,,,,,,,,,(RN133312UP6923583)Prebiotic Aam Panna Cooler(300ml),Item (RN133312UP121642468)Woodfired - All Veg Primavera Rose Pasta with Truffle Oil,199,,,,Yes
BR112488141640,Addon,RN133312,(UP613298)Woodfired Pastas,(UP613302)Woodfired - All Veg Pasta,(RN133312UP121642468)Woodfired - All Veg Primavera Rose Pasta with Truffle Oil,"[750ml]
Our woodfired fresh veggie pasta, tossed in a creamy tomato rose sauce with truffle oil for a classic flavor.",https://pd-onl-rtn-media.storage.googleapis.com/menu-images/78394_item_RN133312UP121642468_20260405134735.jpg,veg,in stock,"UP1457123,UP1829815,UP1864577,UP982501",,,,,,,,,,,(RN133312UP6923584)Prebiotic Lemonade Cooler(300ml),Item (RN133312UP121642468)Woodfired - All Veg Primavera Rose Pasta with Truffle Oil,199,,,,Yes
BR112488135190,Addon,RN133312,(UP613298)Woodfired Pastas,(UP613302)Woodfired - All Veg Pasta,(RN133312UP121642468)Woodfired - All Veg Primavera Rose Pasta with Truffle Oil,"[750ml]
Our woodfired fresh veggie pasta, tossed in a creamy tomato rose sauce with truffle oil for a classic flavor.",https://pd-onl-rtn-media.storage.googleapis.com/menu-images/78394_item_RN133312UP121642468_20260405134735.jpg,veg,in stock,"UP1457123,UP1829815,UP1864577,UP982501",,,,,,,,,,,(RN133312UP7045476)Prebiotic Strawberry Cooler(300ml),Item (RN133312UP121642468)Woodfired - All Veg Primavera Rose Pasta with Truffle Oil,199,,,,Yes
BR112488643102,Addon,RN133312,(UP613298)Woodfired Pastas,(UP613302)Woodfired - All Veg Pasta,(RN133312UP121642468)Woodfired - All Veg Primavera Rose Pasta with Truffle Oil,"[750ml]
Our woodfired fresh veggie pasta, tossed in a creamy tomato rose sauce with truffle oil for a classic flavor.",https://pd-onl-rtn-media.storage.googleapis.com/menu-images/78394_item_RN133312UP121642468_20260405134735.jpg,veg,in stock,"UP1457123,UP1829815,UP1864577,UP982501",,,,,,,,,,,(RN133312UP7045477)Prebiotic Lemon Apple Cooler(300ml),Item (RN133312UP121642468)Woodfired - All Veg Primavera Rose Pasta with Truffle Oil,199,,,,Yes
BR112488852588,Addon,RN133312,(UP613298)Woodfired Pastas,(UP613302)Woodfired - All Veg Pasta,(RN133312UP121642468)Woodfired - All Veg Primavera Rose Pasta with Truffle Oil,"[750ml]
Our woodfired fresh veggie pasta, tossed in a creamy tomato rose sauce with truffle oil for a classic flavor.",https://pd-onl-rtn-media.storage.googleapis.com/menu-images/78394_item_RN133312UP121642468_20260405134735.jpg,veg,in stock,"UP1457123,UP1829815,UP1864577,UP982501",,,,,,,,,,,(RN133312UP4263714)Choco Lava Cake,Item (RN133312UP121642468)Woodfired - All Veg Primavera Rose Pasta with Truffle Oil,199,,,,Yes
BR112488204983,Addon,RN133312,(UP613298)Woodfired Pastas,(UP613302)Woodfired - All Veg Pasta,(RN133312UP121642468)Woodfired - All Veg Primavera Rose Pasta with Truffle Oil,"[750ml]
Our woodfired fresh veggie pasta, tossed in a creamy tomato rose sauce with truffle oil for a classic flavor.",https://pd-onl-rtn-media.storage.googleapis.com/menu-images/78394_item_RN133312UP121642468_20260405134735.jpg,veg,in stock,"UP1457123,UP1829815,UP1864577,UP982501",,,,,,,,,,,(RN133312UP4395996)Tiramisu Jar,Item (RN133312UP121642468)Woodfired - All Veg Primavera Rose Pasta with Truffle Oil,276,,,,Yes
BR112488798158,Addon,RN133312,(UP613298)Woodfired Pastas,(UP613302)Woodfired - All Veg Pasta,(RN133312UP121642468)Woodfired - All Veg Primavera Rose Pasta with Truffle Oil,"[750ml]
Our woodfired fresh veggie pasta, tossed in a creamy tomato rose sauce with truffle oil for a classic flavor.",https://pd-onl-rtn-media.storage.googleapis.com/menu-images/78394_item_RN133312UP121642468_20260405134735.jpg,veg,in stock,"UP1457123,UP1829815,UP1864577,UP982501",,,,,,,,,,,(RN133312UP4395997)Chocolate Mousse Jar,Item (RN133312UP121642468)Woodfired - All Veg Primavera Rose Pasta with Truffle Oil,276,,,,Yes
BR112488448595,Addon,RN133312,(UP613298)Woodfired Pastas,(UP613302)Woodfired - All Veg Pasta,(RN133312UP121642468)Woodfired - All Veg Primavera Rose Pasta with Truffle Oil,"[750ml]
Our woodfired fresh veggie pasta, tossed in a creamy tomato rose sauce with truffle oil for a classic flavor.",https://pd-onl-rtn-media.storage.googleapis.com/menu-images/78394_item_RN133312UP121642468_20260405134735.jpg,veg,in stock,"UP1457123,UP1829815,UP1864577,UP982501",,,,,,,,,,,(RN133312UP4395998)Banoffee Jar,Item (RN133312UP121642468)Woodfired - All Veg Primavera Rose Pasta with Truffle Oil,260,,,,Yes
BR112488708335,Addon,RN133312,(UP613298)Woodfired Pastas,(UP613302)Woodfired - All Veg Pasta,(RN133312UP121642468)Woodfired - All Veg Primavera Rose Pasta with Truffle Oil,"[750ml]
Our woodfired fresh veggie pasta, tossed in a creamy tomato rose sauce with truffle oil for a classic flavor.",https://pd-onl-rtn-media.storage.googleapis.com/menu-images/78394_item_RN133312UP121642468_20260405134735.jpg,veg,in stock,"UP1457123,UP1829815,UP1864577,UP982501",,,,,,,,,,,(RN133312UP4263715)Mini Garlic Bread,Item (RN133312UP121642468)Woodfired - All Veg Primavera Rose Pasta with Truffle Oil,199,,,,Yes
BR112488314870,Addon,RN133312,(UP613298)Woodfired Pastas,(UP613302)Woodfired - All Veg Pasta,(RN133312UP121642468)Woodfired - All Veg Primavera Rose Pasta with Truffle Oil,"[750ml]
Our woodfired fresh veggie pasta, tossed in a creamy tomato rose sauce with truffle oil for a classic flavor.",https://pd-onl-rtn-media.storage.googleapis.com/menu-images/78394_item_RN133312UP121642468_20260405134735.jpg,veg,in stock,"UP1457123,UP1829815,UP1864577,UP982501",,,,,,,,,,,(RN133312UP4263716)Mini Truffle Oil Garlic Bread,Item (RN133312UP121642468)Woodfired - All Veg Primavera Rose Pasta with Truffle Oil,199,,,,Yes
BR112488627900,Addon,RN133312,(UP613298)Woodfired Pastas,(UP613302)Woodfired - All Veg Pasta,(RN133312UP121642468)Woodfired - All Veg Primavera Rose Pasta with Truffle Oil,"[750ml]
Our woodfired fresh veggie pasta, tossed in a creamy tomato rose sauce with truffle oil for a classic flavor.",https://pd-onl-rtn-media.storage.googleapis.com/menu-images/78394_item_RN133312UP121642468_20260405134735.jpg,veg,in stock,"UP1457123,UP1829815,UP1864577,UP982501",,,,,,,,,,,(RN133312UP4265522)Mini Pull Apart,Item (RN133312UP121642468)Woodfired - All Veg Primavera Rose Pasta with Truffle Oil,199,,,,Yes
BR112488568263,Addon,RN133312,(UP613298)Woodfired Pastas,(UP613302)Woodfired - All Veg Pasta,(RN133312UP121642468)Woodfired - All Veg Primavera Rose Pasta with Truffle Oil,"[750ml]
Our woodfired fresh veggie pasta, tossed in a creamy tomato rose sauce with truffle oil for a classic flavor.",https://pd-onl-rtn-media.storage.googleapis.com/menu-images/78394_item_RN133312UP121642468_20260405134735.jpg,veg,in stock,"UP1457123,UP1829815,UP1864577,UP982501",,,,,,,,,,,(RN133312UP4263717)Mini Cheesy Garlic Bread,Item (RN133312UP121642468)Woodfired - All Veg Primavera Rose Pasta with Truffle Oil,199,,,,Yes
BR112488239883,Addon,RN133312,(UP613298)Woodfired Pastas,(UP613302)Woodfired - All Veg Pasta,(RN133312UP121642468)Woodfired - All Veg Primavera Rose Pasta with Truffle Oil,"[750ml]
Our woodfired fresh veggie pasta, tossed in a creamy tomato rose sauce with truffle oil for a classic flavor.",https://pd-onl-rtn-media.storage.googleapis.com/menu-images/78394_item_RN133312UP121642468_20260405134735.jpg,veg,in stock,"UP1457123,UP1829815,UP1864577,UP982501",,,,,,,,,,,(RN133312UP4263718)Twisty Bread (2 Pcs),Item (RN133312UP121642468)Woodfired - All Veg Primavera Rose Pasta with Truffle Oil,199,,,,Yes
BR112488469247,Addon,RN133312,(UP613298)Woodfired Pastas,(UP613302)Woodfired - All Veg Pasta,(RN133312UP121642468)Woodfired - All Veg Primavera Rose Pasta with Truffle Oil,"[750ml]
Our woodfired fresh veggie pasta, tossed in a creamy tomato rose sauce with truffle oil for a classic flavor.",https://pd-onl-rtn-media.storage.googleapis.com/menu-images/78394_item_RN133312UP121642468_20260405134735.jpg,veg,in stock,"UP1457123,UP1829815,UP1864577,UP982501",,,,,,,,,,,(RN133312UP4263719)2 Bungee Iced Teas,Item (RN133312UP121642468)Woodfired - All Veg Primavera Rose Pasta with Truffle Oil,199,,,,Yes
BR112488194823,Item,RN133312,(UP507589)Premier League Combos,,(RN133312UP138191431)Pizza + Garlic Bread + Choco Lava + Prebiotic Aam Panna Cooler(300ml),1Pizza + 1Garlic Bread + 1Choco Lava + 1Prebiotic Aam Panna Cooler(300ml),https://pd-onl-rtn-media.storage.googleapis.com/menu-images/78394_item_RN133312UP138191431_20260405134735.jpg,non veg,out of stock,,,,,,,,,,,,,,1545,,,,Yes
BR112488907169,Variant,RN133312,(UP507589)Premier League Combos,,(RN133312UP138191431)Pizza + Garlic Bread + Choco Lava + Prebiotic Aam Panna Cooler(300ml),1Pizza + 1Garlic Bread + 1Choco Lava + 1Prebiotic Aam Panna Cooler(300ml),https://pd-onl-rtn-media.storage.googleapis.com/menu-images/78394_item_RN133312UP138191431_20260405134735.jpg,non veg,out of stock,,(UP1906879)Select Your Pizza,(RN133312UP7189832)Naples - Margherita Pizza(4 Slice),veg,in stock,,,,,,,,,0,,,,Yes
BR112488811143,Variant,RN133312,(UP507589)Premier League Combos,,(RN133312UP138191431)Pizza + Garlic Bread + Choco Lava + Prebiotic Aam Panna Cooler(300ml),1Pizza + 1Garlic Bread + 1Choco Lava + 1Prebiotic Aam Panna Cooler(300ml),https://pd-onl-rtn-media.storage.googleapis.com/menu-images/78394_item_RN133312UP138191431_20260405134735.jpg,non veg,out of stock,,(UP1906879)Select Your Pizza,(RN133312UP7189833)Naples - Mushroom With Truffle Oil Pizza(4 Slice),veg,in stock,,,,,,,,,0,,,,Yes
BR112488259085,Variant,RN133312,(UP507589)Premier League Combos,,(RN133312UP138191431)Pizza + Garlic Bread + Choco Lava + Prebiotic Aam Panna Cooler(300ml),1Pizza + 1Garlic Bread + 1Choco Lava + 1Prebiotic Aam Panna Cooler(300ml),https://pd-onl-rtn-media.storage.googleapis.com/menu-images/78394_item_RN133312UP138191431_20260405134735.jpg,non veg,out of stock,,(UP1906879)Select Your Pizza,(RN133312UP7189834)Naples - Garden Vegetable Pesto fusion Pizza(4 Slice),veg,in stock,,,,,,,,,0,,,,Yes
BR112488290200,Variant,RN133312,(UP507589)Premier League Combos,,(RN133312UP138191431)Pizza + Garlic Bread + Choco Lava + Prebiotic Aam Panna Cooler(300ml),1Pizza + 1Garlic Bread + 1Choco Lava + 1Prebiotic Aam Panna Cooler(300ml),https://pd-onl-rtn-media.storage.googleapis.com/menu-images/78394_item_RN133312UP138191431_20260405134735.jpg,non veg,out of stock,,(UP1906879)Select Your Pizza,(RN133312UP7189835)Naples - Mixed Vegetables With Crumbled Feta Pizza(4 Slice),veg,in stock,,,,,,,,,0,,,,Yes
BR112488124376,Variant,RN133312,(UP507589)Premier League Combos,,(RN133312UP138191431)Pizza + Garlic Bread + Choco Lava + Prebiotic Aam Panna Cooler(300ml),1Pizza + 1Garlic Bread + 1Choco Lava + 1Prebiotic Aam Panna Cooler(300ml),https://pd-onl-rtn-media.storage.googleapis.com/menu-images/78394_item_RN133312UP138191431_20260405134735.jpg,non veg,out of stock,,(UP1906879)Select Your Pizza,(RN133312UP7189836)Naples - Pepperoni(pork) Pizza(4 Slice),non veg,in stock,,,,,,,,,0,,,,Yes
BR112488946085,Variant,RN133312,(UP507589)Premier League Combos,,(RN133312UP138191431)Pizza + Garlic Bread + Choco Lava + Prebiotic Aam Panna Cooler(300ml),1Pizza + 1Garlic Bread + 1Choco Lava + 1Prebiotic Aam Panna Cooler(300ml),https://pd-onl-rtn-media.storage.googleapis.com/menu-images/78394_item_RN133312UP138191431_20260405134735.jpg,non veg,out of stock,,(UP1906879)Select Your Pizza,(RN133312UP7189837)Naples - All Chicken Pizza(4 Slice),non veg,in stock,,,,,,,,,0,,,,Yes
BR112488139700,Variant,RN133312,(UP507589)Premier League Combos,,(RN133312UP138191431)Pizza + Garlic Bread + Choco Lava + Prebiotic Aam Panna Cooler(300ml),1Pizza + 1Garlic Bread + 1Choco Lava + 1Prebiotic Aam Panna Cooler(300ml),https://pd-onl-rtn-media.storage.googleapis.com/menu-images/78394_item_RN133312UP138191431_20260405134735.jpg,non veg,out of stock,,(UP1906879)Select Your Pizza,(RN133312UP7189838)Naples - Peri Peri Chicken Pizza(4 Slice),non veg,in stock,,,,,,,,,0,,,,Yes
BR112488491957,Variant,RN133312,(UP507589)Premier League Combos,,(RN133312UP138191431)Pizza + Garlic Bread + Choco Lava + Prebiotic Aam Panna Cooler(300ml),1Pizza + 1Garlic Bread + 1Choco Lava + 1Prebiotic Aam Panna Cooler(300ml),https://pd-onl-rtn-media.storage.googleapis.com/menu-images/78394_item_RN133312UP138191431_20260405134735.jpg,non veg,out of stock,,(UP1906879)Select Your Pizza,(RN133312UP7189839)Naples - Pizza Pollo(4 Slice),non veg,in stock,,,,,,,,,0,,,,Yes
BR112488747536,Item,RN133312,(UP309623)Beverages,(UP209929)Drinks,(RN133312UP126884046)Bungee Lemon Apple Iced (200ml),No Added Sugar,https://pd-onl-rtn-media.storage.googleapis.com/menu-images/78394_item_RN133312UP126884046_20260405134735.jpg,veg,in stock,,,,,,,,,,,,,,150,,,,Yes
BR112488358084,Item,RN133312,(UP309623)Beverages,(UP209929)Drinks,(RN133312UP115558483)Bungee  - Indian Masala Lemonade (200ml),No Added Sugar,https://pd-onl-rtn-media.storage.googleapis.com/menu-images/78394_item_RN133312UP115558483_20260405134735.jpg,veg,in stock,,,,,,,,,,,,,,150,,,,Yes
BR112488108349,Item,RN133312,(UP309623)Beverages,(UP209929)Drinks,(RN133312UP123117918)Bungee  - Indian Desi Aam Panna (200ml),No Added Sugar,https://pd-onl-rtn-media.storage.googleapis.com/menu-images/78394_item_RN133312UP123117918_20260405134735.png,veg,out of stock,,,,,,,,,,,,,,150,,,,Yes
BR112488444420,Item,RN133312,(UP309623)Beverages,(UP209929)Drinks,(RN133312UP126884045)Bungee Lemon Orange Iced (200ml),No Added Sugar,https://pd-onl-rtn-media.storage.googleapis.com/menu-images/78394_item_RN133312UP126884045_20260405134735.jpg,veg,in stock,,,,,,,,,,,,,,150,,,,Yes
BR112488365008,Item,RN133312,(UP309623)Beverages,(UP209929)Drinks,(RN133312UP118155511)Bungee- Peach Strawberry Iced Tea (200 ml),No Added Sugar,https://pd-onl-rtn-media.storage.googleapis.com/menu-images/78394_item_RN133312UP118155511_20260405134735.jpg,veg,in stock,,,,,,,,,,,,,,150,,,,Yes
BR112488197942,Item,RN133312,(UP309623)Beverages,(UP682451)Prebiotic Healthy Drinks,(RN133312UP134592006)Fibre Spark Boost - Fresh Lime,"Prebiotic Electrolyte Blend
Lemon juice with pink salt, black salt, coriander, and chia seeds. Supports hydration and mineral balance while adding natural fibre to your routine.",https://pd-onl-rtn-media.storage.googleapis.com/menu-images/78394_item_RN133312UP134592006_20260405134736.jpg,veg,in stock,,,,,,,,,,,,,,295,,,,Yes
BR112488175979,Variant,RN133312,(UP309623)Beverages,(UP682451)Prebiotic Healthy Drinks,(RN133312UP134592006)Fibre Spark Boost - Fresh Lime,"Prebiotic Electrolyte Blend
Lemon juice with pink salt, black salt, coriander, and chia seeds. Supports hydration and mineral balance while adding natural fibre to your routine.",https://pd-onl-rtn-media.storage.googleapis.com/menu-images/78394_item_RN133312UP134592006_20260405134736.jpg,veg,in stock,,(UP1799093)Size,(RN133312UP6802514)500ml,veg,in stock,,,,,,,,,150,,,,Yes
BR112488532623,Variant,RN133312,(UP309623)Beverages,(UP682451)Prebiotic Healthy Drinks,(RN133312UP134592006)Fibre Spark Boost - Fresh Lime,"Prebiotic Electrolyte Blend
Lemon juice with pink salt, black salt, coriander, and chia seeds. Supports hydration and mineral balance while adding natural fibre to your routine.",https://pd-onl-rtn-media.storage.googleapis.com/menu-images/78394_item_RN133312UP134592006_20260405134736.jpg,veg,in stock,,(UP1799093)Size,(RN133312UP6802515)300ml,veg,in stock,,,,,,,,,0,,,,Yes
BR112488726829,Item,RN133312,(UP309623)Beverages,(UP682451)Prebiotic Healthy Drinks,(RN133312UP134592004)Fibre Citrus Zing - Lemon Apple,"Prebiotic Lemon Refresher
A crisp blend of lemon, chia seeds, coriander with a hint of cinnamon. Naturally rich in fibre and vitamin C to help nourish healthy gut bacteria while delivering a clean citrus lift.",https://pd-onl-rtn-media.storage.googleapis.com/menu-images/78394_item_RN133312UP134592004_20260405134736.jpg,veg,in stock,,,,,,,,,,,,,,295,,,,Yes
BR112488381777,Variant,RN133312,(UP309623)Beverages,(UP682451)Prebiotic Healthy Drinks,(RN133312UP134592004)Fibre Citrus Zing - Lemon Apple,"Prebiotic Lemon Refresher
A crisp blend of lemon, chia seeds, coriander with a hint of cinnamon. Naturally rich in fibre and vitamin C to help nourish healthy gut bacteria while delivering a clean citrus lift.",https://pd-onl-rtn-media.storage.googleapis.com/menu-images/78394_item_RN133312UP134592004_20260405134736.jpg,veg,in stock,,(UP1799091)Size,(RN133312UP6802510)500ml,veg,in stock,,,,,,,,,150,,,,Yes
BR112488619528,Variant,RN133312,(UP309623)Beverages,(UP682451)Prebiotic Healthy Drinks,(RN133312UP134592004)Fibre Citrus Zing - Lemon Apple,"Prebiotic Lemon Refresher
A crisp blend of lemon, chia seeds, coriander with a hint of cinnamon. Naturally rich in fibre and vitamin C to help nourish healthy gut bacteria while delivering a clean citrus lift.",https://pd-onl-rtn-media.storage.googleapis.com/menu-images/78394_item_RN133312UP134592004_20260405134736.jpg,veg,in stock,,(UP1799091)Size,(RN133312UP6802511)300ml,veg,in stock,,,,,,,,,0,,,,Yes
BR112488648949,Item,RN133312,(UP309623)Beverages,(UP682451)Prebiotic Healthy Drinks,(RN133312UP134592007)Fibre Raw Mango Cooler - Aam Panna,"Prebiotic Summer Digestive
Raw mango blended with roasted cumin, mint, coriander, black salt, and chia seeds. A traditional cooling drink enriched with fibre to help you feel light and balanced.",https://pd-onl-rtn-media.storage.googleapis.com/menu-images/78394_item_RN133312UP134592007_20260405134736.jpg,veg,in stock,,,,,,,,,,,,,,345,,,,Yes
BR112488830032,Variant,RN133312,(UP309623)Beverages,(UP682451)Prebiotic Healthy Drinks,(RN133312UP134592007)Fibre Raw Mango Cooler - Aam Panna,"Prebiotic Summer Digestive
Raw mango blended with roasted cumin, mint, coriander, black salt, and chia seeds. A traditional cooling drink enriched with fibre to help you feel light and balanced.",https://pd-onl-rtn-media.storage.googleapis.com/menu-images/78394_item_RN133312UP134592007_20260405134736.jpg,veg,in stock,,(UP1799094)Size,(RN133312UP6802516)500ml,veg,in stock,,,,,,,,,150,,,,Yes
BR112488121940,Variant,RN133312,(UP309623)Beverages,(UP682451)Prebiotic Healthy Drinks,(RN133312UP134592007)Fibre Raw Mango Cooler - Aam Panna,"Prebiotic Summer Digestive
Raw mango blended with roasted cumin, mint, coriander, black salt, and chia seeds. A traditional cooling drink enriched with fibre to help you feel light and balanced.",https://pd-onl-rtn-media.storage.googleapis.com/menu-images/78394_item_RN133312UP134592007_20260405134736.jpg,veg,in stock,,(UP1799094)Size,(RN133312UP6802517)300ml,veg,in stock,,,,,,,,,0,,,,Yes
BR112488193408,Item,RN133312,(UP309623)Beverages,(UP682451)Prebiotic Healthy Drinks,(RN133312UP134592008)Fibre Berry Refresh - Strawberry,"Prebiotic Strawberry Cooler
Fresh strawberries, mint, lemon, and chia seeds blended into a fruity, antioxidant-rich drink that nourishes the microbiome and hydrates cleanly.",https://pd-onl-rtn-media.storage.googleapis.com/menu-images/78394_item_RN133312UP134592008_20260405134736.jpg,veg,in stock,,,,,,,,,,,,,,345,,,,Yes
BR112488711621,Variant,RN133312,(UP309623)Beverages,(UP682451)Prebiotic Healthy Drinks,(RN133312UP134592008)Fibre Berry Refresh - Strawberry,"Prebiotic Strawberry Cooler
Fresh strawberries, mint, lemon, and chia seeds blended into a fruity, antioxidant-rich drink that nourishes the microbiome and hydrates cleanly.",https://pd-onl-rtn-media.storage.googleapis.com/menu-images/78394_item_RN133312UP134592008_20260405134736.jpg,veg,in stock,,(UP1799095)Size,(RN133312UP6802518)500ml,veg,in stock,,,,,,,,,150,,,,Yes
BR112488987302,Variant,RN133312,(UP309623)Beverages,(UP682451)Prebiotic Healthy Drinks,(RN133312UP134592008)Fibre Berry Refresh - Strawberry,"Prebiotic Strawberry Cooler
Fresh strawberries, mint, lemon, and chia seeds blended into a fruity, antioxidant-rich drink that nourishes the microbiome and hydrates cleanly.",https://pd-onl-rtn-media.storage.googleapis.com/menu-images/78394_item_RN133312UP134592008_20260405134736.jpg,veg,in stock,,(UP1799095)Size,(RN133312UP6802519)300ml,veg,in stock,,,,,,,,,0,,,,Yes
BR112488640068,Item,RN133312,(UP309623)Beverages,(UP682451)Prebiotic Healthy Drinks,(RN133312UP134592005)Fibre Sunrise Glow - Lemon Orange,"Prebiotic Orange Hydrator
Fresh orange and imported lemon with mint and chia seeds. A bright, fibre-powered cooler designed to support digestion and keep you feeling refreshed through the day.",https://pd-onl-rtn-media.storage.googleapis.com/menu-images/78394_item_RN133312UP134592005_20260405134736.jpg,veg,in stock,,,,,,,,,,,,,,295,,,,Yes
BR112488362037,Variant,RN133312,(UP309623)Beverages,(UP682451)Prebiotic Healthy Drinks,(RN133312UP134592005)Fibre Sunrise Glow - Lemon Orange,"Prebiotic Orange Hydrator
Fresh orange and imported lemon with mint and chia seeds. A bright, fibre-powered cooler designed to support digestion and keep you feeling refreshed through the day.",https://pd-onl-rtn-media.storage.googleapis.com/menu-images/78394_item_RN133312UP134592005_20260405134736.jpg,veg,in stock,,(UP1799092)Size,(RN133312UP6802512)500ml,veg,in stock,,,,,,,,,150,,,,Yes
BR112488977810,Variant,RN133312,(UP309623)Beverages,(UP682451)Prebiotic Healthy Drinks,(RN133312UP134592005)Fibre Sunrise Glow - Lemon Orange,"Prebiotic Orange Hydrator
Fresh orange and imported lemon with mint and chia seeds. A bright, fibre-powered cooler designed to support digestion and keep you feeling refreshed through the day.",https://pd-onl-rtn-media.storage.googleapis.com/menu-images/78394_item_RN133312UP134592005_20260405134736.jpg,veg,in stock,,(UP1799092)Size,(RN133312UP6802513)300ml,veg,in stock,,,,,,,,,0,,,,Yes
